Username,Gender,Age,Activity,Duration,Calories,Steps,Mood,Date
michael1@outlook.com,Male,39,cycling,34 min,233.02 kcal,0,Tired,02/03/2024
daniel1@yahoo.com,Male,64,yoga,83 min,156.1 kcal,0,Happy,09/10/2024
ava1@gmail.com,Female,63,walking,20 min,612.07 kcal,12665,Tired,2/28/2024
olivia1@hotmail.com,Female,41,cycling,41 min,619.65 kcal,0,Happy,10/21/2024
sophia1@hotmail.com,Female,31,swimm,78 min,386.29 kcal,0,Energetic,03/09/2024
ava2@hotmail.com,Female,55,Yoga,61 min,236.42 kcal,0,Sad,08/03/2024
david1@yahoo.com,Male,59,cycling,29 min,299.48 kcal,0,Energetic,1/24/2024
michael2@outlook.com,Male,58,cycling,96 min,481.51 kcal,0,Neutral,6/25/2024
john1@yahoo.com,Male,49,walking,29 min,839.73 kcal,14396,Tired,04/02/2024
emma1@outlook.com,Female,52,running,31 min,610.79 kcal,9007,Neutral,5/17/2024
david2@icloud.com,Male,63,cycling,66 min,895.88 kcal,0,Tired,8/17/2024
john2@yahoo.com,Male,55,running,15 min,110.34 kcal,10339,Happy,04/03/2024
sophia2@icloud.com,Female,60,yoga,42 min,508.35 kcal,0,Sad,10/16/2024
emily1@yahoo.com,Female,60,yoga,60 min,410.04 kcal,0,Happy,11/21/2024
olivia2@icloud.com,Female,33,running,39 min,505.84 kcal,2296,Energetic,03/09/2024
david3@icloud.com,Male,21,swimming,84 min,760.62 kcal,0,Neutral,3/14/2024
john3@yahoo.com,Male,42,walking,64 min,275.42 kcal,12846,Energetic,5/14/2024
emma2@gmail.com,Female,30,cycling,42 min,873.4 kcal,0,Sad,1/24/2024
david4@hotmail.com,Male,21,gym,25 min,773.64 kcal,0,Sad,2/22/2024
ava3@icloud.com,Female,55,gym,20 min,576.47 kcal,0,Sad,10/17/2024
ava4@hotmail.com,Female,22,gym,42 min,480.0 kcal,0,Tired,02/08/2024
daniel2@yahoo.com,Male,60,gym,53 min,841.99 kcal,0,Neutral,05/04/2024
daniel3@icloud.com,Male,63,cycling,41 min,634.37 kcal,0,Tired,9/16/2024
james1@hotmail.com,Male,20,walking,57 min,705.45 kcal,10438,Tired,3/24/2024
john4@hotmail.com,Male,31,swimming,46 min,616.89 kcal,0,Sad,7/20/2024
michael3@outlook.com,Male,44,walking,37 min,676.08 kcal,5442,Energetic,11/28/2024
sophia3@gmail.com,Female,39,cycling,23 min,871.86 kcal,0,Tired,11/17/2024
john5@hotmail.com,Male,34,running,89 min,868.15 kcal,4349,Happy,2/20/2024
ava5@yahoo.com,Female,42,gym,39 min,266.51 kcal,0,Energetic,1/17/2024
sophia4@yahoo.com,Female,45,walking,100 min,832.66 kcal,10209,Tired,11/28/2024
james2@outlook.com,Male,43,swimming,52 min,521.25 kcal,0,Energetic,11/13/2024
daniel4@hotmail.com,Male,53,Walking,53 min,293.88 kcal,7043,Sad,10/21/2024
david5@icloud.com,Male,28,swimming,25 min,291.22 kcal,0,Sad,06/03/2024
sophia5@yahoo.com,Female,27,walking,20 min,258.12 kcal,7784,Sad,2/15/2024
james3@icloud.com,Male,43,running,33 min,607.65 kcal,90,Happy,07/08/2024
john6@yahoo.com,Male,25,yoga,32 min,731.2 kcal,0,Tired,9/20/2024
david6@icloud.com,Male,53,yoga,35 min,682.11 kcal,0,Energetic,5/25/2024
david7@gmail.com,Male,58,running,50 min,423.89 kcal,11690,Tired,04/09/2024
michael4@hotmail.com,Male,42,swimming,34 min,650.46 kcal,0,Energetic,07/11/2024
james4@gmail.com,Male,49,running,49 min,420.46 kcal,475,Energetic,6/22/2024
emma3@gmail.com,Female,57,gym,18 min,820.89 kcal,0,Tired,11/01/2024
michael5@hotmail.com,Male,34,yoga,56 min,229.91 kcal,0,Tired,07/09/2024
emily2@icloud.com,Female,19,swimming,84 min,94.27 kcal,0,Neutral,11/03/2024
sophia6@gmail.com,Female,19,gym,34 min,252.76 kcal,0,Happy,10/07/2024
ava6@hotmail.com,Female,28,cycling,28 min,541.88 kcal,0,Sad,11/13/2024
sophia7@icloud.com,Female,62,cycling,102 min,560.35 kcal,0,Sad,01/12/2024
olivia3@hotmail.com,Female,44,yoga,28 min,418.49 kcal,0,Energetic,12/05/2024
daniel5@hotmail.com,Male,47,yoga,120 min,671.37 kcal,0,Tired,4/27/2024
emma4@gmail.com,Female,39,walking,78 min,773.31 kcal,2979,Energetic,04/12/2024
daniel6@hotmail.com,Male,51,running,25 min,255.15 kcal,6658,Energetic,9/25/2024
emma5@hotmail.com,Female,23,cycling,43 min,393.74 kcal,0,Tired,11/19/2024
david8@yahoo.com,Male,40,swimming,73 min,280.28 kcal,0,Neutral,2/24/2024
michael6@gmail.com,Male,31,swimming,76 min,285.02 kcal,0,Sad,10/10/2024
olivia4@icloud.com,Female,37,walking,105 min,504.01 kcal,4494,Happy,1/18/2024
emma6@gmail.com,Female,18,gym,51 min,448.99 kcal,0,Tired,03/02/2024
emily3@hotmail.com,Female,49,walking,88 min,585.03 kcal,878,Neutral,3/26/2024
emily4@yahoo.com,Female,56,gym,116 min,575.66 kcal,0,Sad,7/15/2024
james5@yahoo.com,Male,54,gym,22 min,568.19 kcal,0,Happy,4/21/2024
michael7@outlook.com,Male,28,walking,67 min,432.93 kcal,9729,Energetic,05/02/2024
emma7@outlook.com,Female,61,running,48 min,719.65 kcal,10240,Sad,11/26/2024
michael8@yahoo.com,Male,27,walking,22 min,191.03 kcal,5039,Energetic,12/27/2024
sophia8@gmail.com,Female,61,cycling,88 min,84.2 kcal,0,Neutral,8/17/2024
ava7@gmail.com,Female,58,yoga,26 min,449.51 kcal,0,Tired,6/22/2024
emma8@hotmail.com,Female,60,yoga,119 min,696.42 kcal,0,Energetic,02/11/2024
david9@outlook.com,Male,60,gym,74 min,401.26 kcal,0,Sad,6/20/2024
sophia9@yahoo.com,Female,53,running,51 min,422.4 kcal,11440,Energetic,02/01/2024
michael9@hotmail.com,Male,53,walking,85 min,396.79 kcal,3681,Happy,08/04/2024
daniel7@icloud.com,Male,44,yoga,75 min,257.17 kcal,0,Neutral,07/07/2024
emily5@icloud.com,Female,44,cycling,115 min,481.58 kcal,0,Happy,5/24/2024
emma9@gmail.com,Female,46,gym,76 min,343.36 kcal,0,Sad,7/15/2024
sophia10@hotmail.com,Female,32,yoga,20 min,320.45 kcal,0,Energetic,7/22/2024
michael10@hotmail.com,Male,48,cycling,58 min,579.77 kcal,0,Happy,6/28/2024
emma10@yahoo.com,Female,57,walking,45 min,586.49 kcal,4708,Neutral,12/03/2024
emily6@hotmail.com,Female,28,swimming,53 min,817.91 kcal,0,Tired,01/10/2024
james6@yahoo.com,Male,28,running,25 min,568.07 kcal,6267,Sad,11/08/2024
daniel8@outlook.com,Male,34,swimming,16 min,814.07 kcal,0,Tired,11/18/2024
ava8@hotmail.com,Female,58,yoga,103 min,262.58 kcal,0,Tired,4/13/2024
olivia5@gmail.com,Female,62,cycling,17 min,881.25 kcal,0,Energetic,05/01/2024
john7@gmail.com,Male,36,running,92 min,731.64 kcal,3588,Neutral,10/09/2024
michael11@hotmail.com,Male,58,swimming,20 min,312.59 kcal,0,Happy,10/12/2024
james7@outlook.com,Male,30,running,115 min,508.5 kcal,5994,Tired,09/09/2024
emma11@icloud.com,Female,39,walking,74 min,868.46 kcal,2306,Neutral,11/24/2024
david10@gmail.com,Male,23,yoga,16 min,274.79 kcal,0,Energetic,6/22/2024
olivia6@outlook.com,Female,61,running,75 min,71.27 kcal,14487,Sad,6/20/2024
daniel9@hotmail.com,Male,25,running,20 min,854.32 kcal,4986,Energetic,02/04/2024
olivia7@outlook.com,Female,55,swimming,108 min,181.34 kcal,0,Happy,8/20/2024
olivia8@icloud.com,Female,46,Yoga,45 min,777.13 kcal,0,Tired,9/21/2024
emily7@icloud.com,Female,23,swimming,42 min,595.45 kcal,0,Happy,1/26/2024
michael12@icloud.com,Male,52,cycling,117 min,198.32 kcal,0,Happy,03/01/2024
john8@yahoo.com,Male,34,walking,31 min,680.46 kcal,8619,Happy,12/03/2024
james8@gmail.com,Male,61,walking,77 min,655.54 kcal,7267,Happy,02/11/2024
ava9@icloud.com,Female,42,gym,82 min,300.66 kcal,0,Sad,07/04/2024
,Male,45,yoga,44 min,401.74 kcal,0,Energetic,7/14/2024
daniel10@gmail.com,Male,27,swimming,75 min,107.06 kcal,0,Happy,2/14/2024
david12@icloud.com,Male,55,gym,86 min,330.2 kcal,0,Energetic,6/28/2024
john9@outlook.com,Male,56,cycling,60 min,138.06 kcal,0,Neutral,3/22/2024
david13@gmail.com,Male,25,cycling,88 min,242.24 kcal,0,Sad,10/20/2024
daniel11@gmail.com,Male,29,cycling,104 min,698.05 kcal,0,Tired,01/06/2024
michael13@hotmail.com,Male,23,swimming,82 min,232.86 kcal,0,Energetic,06/06/2024
ava10@outlook.com,Female,21,running,35 min,691.27 kcal,815,Happy,5/15/2024
emily8@hotmail.com,Female,54,yoga,88 min,393.76 kcal,0,Energetic,05/04/2024
ava11@icloud.com,Female,62,cycling,26 min,421.21 kcal,0,Neutral,7/19/2024
olivia9@gmail.com,Female,39,running,24 min,483.91 kcal,1868,Sad,09/07/2024
michael14@outlook.com,Male,24,running,47 min,217.68 kcal,9869,Neutral,11/03/2024
ava12@outlook.com,Female,61,gym,97 min,590.0 kcal,0,Tired,11/11/2024
daniel12@yahoo.com,Male,55,walking,60 min,481.24 kcal,5085,Energetic,08/02/2024
emily9@icloud.com,Female,47,gym,85 min,861.1 kcal,0,Happy,8/26/2024
david14@gmail.com,Male,21,yoga,28 min,739.32 kcal,0,Tired,12/03/2024
emma12@icloud.com,Female,51,gym,93 min,184.93 kcal,0,Tired,7/14/2024
olivia10@yahoo.com,Female,39,walking,86 min,626.62 kcal,4655,Tired,12/28/2024
olivia11@yahoo.com,Female,55,swimming,33 min,829.23 kcal,0,Energetic,3/20/2024
daniel13@outlook.com,Male,31,cycling,113 min,463.33 kcal,0,Neutral,03/03/2024
david15@yahoo.com,Male,60,cycling,113 min,575.33 kcal,0,Energetic,03/06/2024
michael15@icloud.com,Male,20,yoga,61 min,624.91 kcal,0,Energetic,10/10/2024
sophia11@gmail.com,Female,48,running,62 min,626.56 kcal,9345,Energetic,8/25/2024
michael16@hotmail.com,Male,56,running,47 min,94.35 kcal,7873,Tired,09/04/2024
john10@icloud.com,Male,50,cycling,45 min,378.24 kcal,0,Tired,04/01/2024
olivia12@yahoo.com,Female,54,yoga,38 min,614.72 kcal,0,Sad,06/03/2024
david16@yahoo.com,Male,42,yoga,20 min,590.32 kcal,0,Tired,12/01/2024
emily10@outlook.com,Female,26,walking,60 min,514.11 kcal,13328,Neutral,11/15/2024
michael17@outlook.com,Male,63,yoga,19 min,299.43 kcal,0,Neutral,01/11/2024
david17@outlook.com,Male,34,walking,111 min,599.87 kcal,4687,Tired,1/28/2024
james9@icloud.com,Male,46,yoga,58 min,877.67 kcal,0,Energetic,6/26/2024
emily11@hotmail.com,Female,56,running,84 min,299.7 kcal,1680,Happy,6/22/2024
michael18@outlook.com,Male,40,yoga,20 min,667.79 kcal,0,Tired,10/14/2024
emily12@gmail.com,Female,41,gym,117 min,687.41 kcal,0,Happy,3/28/2024
,Female,59,cycling,61 min,375.43 kcal,0,Happy,10/05/2024
emily14@outlook.com,Female,51,cycling,65 min,317.23 kcal,0,Neutral,02/01/2024
david18@outlook.com,Male,34,cycling,105 min,429.33 kcal,0,Tired,12/16/2024
michael19@hotmail.com,Male,23,swimming,55 min,617.66 kcal,0,Happy,9/18/2024
michael20@hotmail.com,Male,50,running,30 min,887.36 kcal,12977,Neutral,4/26/2024
emma13@icloud.com,Female,57,walking,23 min,312.9 kcal,11746,Energetic,9/14/2024
john1@yahoo.com,Male,49,walking,29 min,839.73 kcal,14396,Tired,04/02/2024
olivia13@icloud.com,Female,46,yoga,102 min,489.76 kcal,0,Sad,11/19/2024
john11@gmail.com,Male,51,running,53 min,189.96 kcal,5286,Neutral,6/17/2024
david19@hotmail.com,Male,26,swimming,53 min,572.26 kcal,0,Sad,11/06/2024
ava13@icloud.com,Female,54,walking,120 min,784.21 kcal,1330,Happy,11/25/2024
james10@icloud.com,Male,49,swimming,84 min,296.22 kcal,0,Energetic,4/26/2024
john12@outlook.com,Male,46,yoga,76 min,444.78 kcal,0,Sad,03/11/2024
olivia14@hotmail.com,Female,26,cycling,80 min,527.4 kcal,0,Neutral,08/04/2024
daniel14@icloud.com,Male,57,yoga,46 min,868.28 kcal,0,Neutral,6/19/2024
david20@outlook.com,Male,49,cycling,78 min,69.7 kcal,0,Sad,08/08/2024
emma14@gmail.com,Female,36,gym,16 min,770.1 kcal,0,Neutral,5/24/2024
john13@yahoo.com,Male,41,gym,51 min,112.5 kcal,0,Energetic,09/09/2024
michael21@hotmail.com,Male,43,cycling,116 min,888.77 kcal,0,Tired,03/07/2024
john14@gmail.com,Male,63,cycling,117 min,452.68 kcal,0,Neutral,10/17/2024
james11@gmail.com,Male,55,cycling,79 min,754.05 kcal,0,Energetic,12/19/2024
emily15@hotmail.com,Female,55,cycling,116 min,813.95 kcal,0,Happy,10/16/2024
ava14@yahoo.com,Female,64,walking,89 min,458.38 kcal,8589,Sad,07/05/2024
emily16@outlook.com,Female,19,yoga,55 min,405.96 kcal,0,Neutral,7/17/2024
john15@gmail.com,Male,51,running,86 min,326.29 kcal,10849,Energetic,9/13/2024
olivia15@gmail.com,Female,61,swimming,102 min,596.81 kcal,0,Tired,10/16/2024
sophia12@yahoo.com,Female,36,swimming,41 min,636.7 kcal,0,Tired,08/12/2024
emma15@outlook.com,Female,48,running,40 min,753.76 kcal,4442,Sad,12/09/2024
sophia13@gmail.com,Female,60,gym,43 min,592.25 kcal,0,Happy,07/11/2024
john16@yahoo.com,Male,44,swim,75 min,455.83 kcal,0,Tired,06/10/2024
ava15@hotmail.com,Female,52,swimming,107 min,772.78 kcal,0,Neutral,7/27/2024
james12@yahoo.com,Male,29,swimming,52 min,795.23 kcal,0,Tired,10/20/2024
david21@yahoo.com,Male,26,gym,74 min,281.91 kcal,0,Happy,06/06/2024
john17@icloud.com,Male,36,gym,101 min,693.69 kcal,0,Sad,11/13/2024
emily17@gmail.com,Female,26,yoga,56 min,845.45 kcal,0,Tired,07/08/2024
sophia13@gmail.com,Female,60,gym,43 min,592.25 kcal,0,Happy,07/11/2024
ava16@outlook.com,Female,34,swimming,61 min,638.85 kcal,0,Happy,08/10/2024
daniel15@hotmail.com,Male,58,cycling,62 min,572.43 kcal,0,Neutral,08/05/2024
david22@icloud.com,Male,52,swimming,120 min,235.65 kcal,0,Sad,2/17/2024
ava17@yahoo.com,Female,21,gym,79 min,221.83 kcal,0,Neutral,03/11/2024
ava18@hotmail.com,Female,23,gym,72 min,737.39 kcal,0,Neutral,9/14/2024
daniel16@outlook.com,Male,43,cycling,119 min,52.56 kcal,0,Sad,02/02/2024
john18@hotmail.com,Male,48,walking,51 min,397.54 kcal,12598,Neutral,11/24/2024
james13@hotmail.com,Male,42,yoga,25 min,630.32 kcal,0,Sad,3/21/2024
james14@gmail.com,Male,64,running,15 min,692.75 kcal,4888,Energetic,11/24/2024
sophia14@outlook.com,Female,40,running,50 min,210.21 kcal,14339,Happy,1/26/2024
john19@yahoo.com,Male,31,walking,27 min,554.85 kcal,7314,Sad,11/23/2024
emma16@gmail.com,Female,52,running,111 min,784.17 kcal,924,Neutral,09/10/2024
ava19@gmail.com,Female,33,cycling,33 min,887.84 kcal,0,Neutral,07/10/2024
michael22@yahoo.com,Male,53,Yoga,21 min,876.45 kcal,0,Energetic,09/11/2024
michael23@icloud.com,Male,33,running,53 min,778.91 kcal,2365,Energetic,1/18/2024
james15@outlook.com,Male,34,running,57 min,599.7 kcal,7369,Tired,2/18/2024
ava20@hotmail.com,Female,22,running,117 min,697.44 kcal,11867,Sad,4/16/2024
john20@icloud.com,Male,30,swimming,30 min,684.85 kcal,0,Energetic,4/23/2024
david23@outlook.com,Male,36,yoga,74 min,503.6 kcal,0,Tired,05/12/2024
james16@outlook.com,Male,27,running,57 min,245.52 kcal,9335,Neutral,8/18/2024
emma17@hotmail.com,Female,47,running,108 min,725.73 kcal,2773,Neutral,12/18/2024
john21@icloud.com,Male,22,swimming,21 min,699.69 kcal,0,Neutral,11/08/2024
,Male,52,cycling,17 min,476.88 kcal,0,Energetic,03/04/2024
ava21@icloud.com,Female,40,cycling,116 min,387.36 kcal,0,Energetic,8/19/2024
emily18@hotmail.com,Female,23,yoga,63 min,370.59 kcal,0,Happy,11/01/2024
david24@hotmail.com,Male,29,cycling,17 min,867.25 kcal,0,Neutral,12/27/2024
sophia15@outlook.com,Female,61,gym,57 min,376.27 kcal,0,Neutral,12/24/2024
emily19@icloud.com,Female,32,Walking,58 min,564.39 kcal,10057,Sad,7/25/2024
emma18@yahoo.com,Female,32,cycling,85 min,849.97 kcal,0,Neutral,11/19/2024
olivia16@outlook.com,Female,56,gym,115 min,325.77 kcal,0,Happy,5/14/2024
sophia16@yahoo.com,Female,61,yoga,36 min,168.01 kcal,0,Tired,08/05/2024
james17@outlook.com,Male,57,yoga,117 min,782.87 kcal,0,Tired,7/27/2024
daniel17@yahoo.com,Male,56,swimming,40 min,457.16 kcal,0,Energetic,06/10/2024
sophia17@hotmail.com,Female,42,cycling,119 min,717.99 kcal,0,Happy,10/07/2024
david25@outlook.com,Male,64,yoga,105 min,228.2 kcal,0,Tired,12/03/2024
emma19@outlook.com,Female,58,cycling,45 min,264.78 kcal,0,Energetic,07/03/2024
david26@gmail.com,Male,52,walking,116 min,873.16 kcal,11495,Sad,10/21/2024
david27@yahoo.com,Male,46,cycling,65 min,443.6 kcal,0,Sad,12/17/2024
daniel18@outlook.com,Male,23,walking,108 min,170.42 kcal,5110,Tired,8/26/2024
emma20@outlook.com,Female,38,walking,53 min,87.98 kcal,11645,Happy,1/28/2024
sophia18@hotmail.com,Female,53,running,57 min,525.87 kcal,7570,Neutral,7/21/2024
john23@yahoo.com,Male,46,gym,69 min,380.51 kcal,0,Neutral,04/09/2024
emily20@icloud.com,Female,41,cycling,40 min,438.92 kcal,0,Energetic,9/21/2024
emily21@yahoo.com,Female,40,yoga,94 min,196.65 kcal,0,Tired,10/19/2024
daniel19@icloud.com,Male,29,cycling,103 min,170.15 kcal,0,Energetic,10/05/2024
michael24@outlook.com,Male,42,gym,79 min,605.11 kcal,0,Energetic,7/23/2024
john24@yahoo.com,Male,36,walking,50 min,241.12 kcal,4729,Neutral,8/19/2024
,Female,35,gym,120 min,892.26 kcal,0,Happy,12/15/2024
sophia19@yahoo.com,Female,20,yoga,48 min,346.29 kcal,0,Happy,8/28/2024
ava22@yahoo.com,Female,63,gym,95 min,413.94 kcal,0,Neutral,4/27/2024
daniel20@yahoo.com,Male,38,swimming,52 min,295.93 kcal,0,Sad,11/27/2024
john25@gmail.com,Male,59,running,104 min,786.17 kcal,4090,Neutral,12/11/2024
emma21@gmail.com,Female,54,swimming,49 min,583.64 kcal,0,Energetic,2/21/2024
daniel21@outlook.com,Male,47,yoga,56 min,544.66 kcal,0,Happy,12/15/2024
david28@icloud.com,Male,31,yoga,120 min,230.07 kcal,0,Tired,05/11/2024
olivia17@yahoo.com,Female,20,walking,95 min,716.31 kcal,7529,Happy,2/28/2024
james18@hotmail.com,Male,62,running,98 min,306.59 kcal,14326,Tired,2/21/2024
michael25@outlook.com,Male,43,swimming,54 min,667.09 kcal,0,Neutral,7/21/2024
emily23@outlook.com,Female,55,running,81 min,627.99 kcal,152,Happy,12/11/2024
michael26@yahoo.com,Male,22,running,64 min,125.93 kcal,13204,Happy,02/11/2024
sophia14@outlook.com,Female,40,running,50 min,210.21 kcal,14339,Happy,1/26/2024
michael27@yahoo.com,Male,22,gym,87 min,57.2 kcal,0,Neutral,08/12/2024
james19@icloud.com,Male,31,walking,27 min,169.01 kcal,2017,Sad,12/13/2024
daniel22@gmail.com,Male,51,gym,80 min,210.35 kcal,0,Tired,11/02/2024
james20@outlook.com,Male,33,yoga,96 min,554.84 kcal,0,Happy,06/11/2024
olivia18@outlook.com,Female,48,walk,17 min,549.26 kcal,225,Tired,04/02/2024
daniel23@yahoo.com,Male,45,swimming,66 min,120.06 kcal,0,Sad,10/05/2024
sophia13@gmail.com,Female,60,gym,43 min,592.25 kcal,0,Happy,07/11/2024
sophia20@outlook.com,Female,52,cycling,65 min,548.47 kcal,0,Happy,5/23/2024
michael28@hotmail.com,Male,28,yoga,59 min,494.55 kcal,0,Tired,03/12/2024
emily24@icloud.com,Female,39,yoga,49 min,495.28 kcal,0,Sad,11/03/2024
john26@yahoo.com,Male,20,yoga,61 min,375.53 kcal,0,Neutral,1/18/2024
sophia21@icloud.com,Female,33,yoga,107 min,321.94 kcal,0,Happy,10/12/2024
james21@outlook.com,Male,32,gym,59 min,590.55 kcal,0,Happy,06/01/2024
daniel24@gmail.com,Male,31,gym,45 min,406.84 kcal,0,Neutral,12/09/2024
david29@gmail.com,Male,62,cycling,73 min,878.37 kcal,0,Sad,2/17/2024
ava23@hotmail.com,Female,45,swimming,31 min,251.26 kcal,0,Tired,7/23/2024
sophia22@hotmail.com,Female,30,running,114 min,704.62 kcal,1785,Neutral,02/06/2024
olivia19@yahoo.com,Female,46,cycling,74 min,275.26 kcal,0,Happy,3/26/2024
john27@hotmail.com,Male,38,running,26 min,654.48 kcal,5828,Energetic,09/02/2024
john28@outlook.com,Male,46,gym,110 min,517.6 kcal,0,Energetic,2/26/2024
emily25@yahoo.com,Female,59,yoga,118 min,159.47 kcal,0,Tired,02/02/2024
james22@gmail.com,Male,49,Walking,63 min,630.73 kcal,2831,Tired,04/06/2024
ava24@icloud.com,Female,59,cycling,78 min,400.19 kcal,0,Energetic,01/03/2024
david30@icloud.com,Male,58,gym,116 min,66.6 kcal,0,Tired,8/18/2024
olivia20@outlook.com,Female,35,running,18 min,321.05 kcal,3588,Happy,05/02/2024
ava25@outlook.com,Female,28,walking,46 min,608.33 kcal,4366,Sad,12/02/2024
james23@hotmail.com,Male,29,running,45 min,553.64 kcal,13208,Tired,10/01/2024
olivia21@outlook.com,Female,26,cycling,106 min,200.84 kcal,0,Tired,01/01/2024
emily26@icloud.com,Female,22,cycling,105 min,850.63 kcal,0,Sad,02/11/2024
james24@yahoo.com,Male,59,cycling,37 min,651.11 kcal,0,Sad,06/08/2024
daniel25@icloud.com,Male,29,swimming,15 min,856.47 kcal,0,Energetic,10/02/2024
ava26@hotmail.com,Female,58,gym,28 min,846.18 kcal,0,Tired,12/03/2024
emily27@outlook.com,Female,46,walking,48 min,228.23 kcal,11356,Happy,06/09/2024
emma22@gmail.com,Female,28,Yoga,78 min,799.51 kcal,0,Sad,07/04/2024
sophia23@hotmail.com,Female,46,walking,117 min,768.9 kcal,4831,Happy,06/09/2024
james25@gmail.com,Male,64,walking,85 min,850.56 kcal,1525,Tired,10/20/2024
michael29@yahoo.com,Male,28,walking,27 min,331.43 kcal,3112,Energetic,12/18/2024
daniel23@yahoo.com,Male,45,swimming,66 min,120.06 kcal,0,Sad,10/05/2024
daniel26@icloud.com,Male,33,walking,21 min,383.97 kcal,9005,Energetic,03/02/2024
sophia23@hotmail.com,Female,46,walking,117 min,768.9 kcal,4831,Happy,06/09/2024
ava27@gmail.com,Female,30,walking,18 min,225.91 kcal,10456,Tired,2/16/2024
emma23@outlook.com,Female,23,swimming,84 min,379.4 kcal,0,Energetic,06/06/2024
sophia24@gmail.com,Female,54,walking,34 min,689.4 kcal,10935,Happy,2/22/2024
ava28@hotmail.com,Female,53,walking,64 min,745.64 kcal,6858,Sad,11/28/2024
daniel27@icloud.com,Male,43,swimming,19 min,476.79 kcal,0,Sad,10/22/2024
emma24@yahoo.com,Female,28,running,118 min,213.82 kcal,699,Energetic,2/22/2024
ava29@hotmail.com,Female,38,swimming,118 min,106.96 kcal,0,Sad,7/18/2024
john29@outlook.com,Male,25,yoga,34 min,175.97 kcal,0,Sad,02/04/2024
david31@gmail.com,Male,44,cycling,64 min,606.57 kcal,0,Sad,08/02/2024
daniel28@outlook.com,Male,62,swimming,27 min,876.62 kcal,0,Neutral,5/24/2024
james26@gmail.com,Male,30,yoga,42 min,826.42 kcal,0,Energetic,9/28/2024
emily28@icloud.com,Female,63,gym,66 min,165.3 kcal,0,Sad,10/01/2024
john30@yahoo.com,Male,20,yoga,21 min,830.33 kcal,0,Neutral,05/12/2024
emily29@icloud.com,Female,33,cycling,77 min,554.94 kcal,0,Energetic,10/18/2024
emily30@icloud.com,Female,19,yoga,21 min,188.47 kcal,0,Neutral,4/21/2024
daniel29@yahoo.com,Male,45,Yoga,59 min,440.15 kcal,0,Energetic,5/22/2024
john31@outlook.com,Male,53,swimming,91 min,567.69 kcal,0,Happy,08/03/2024
daniel30@yahoo.com,Male,59,swimming,98 min,303.97 kcal,0,Sad,04/02/2024
,Female,39,swimming,106 min,239.01 kcal,0,Energetic,11/12/2024
david32@gmail.com,Male,36,walking,75 min,158.75 kcal,4237,Sad,3/22/2024
sophia25@icloud.com,Female,44,cycling,62 min,271.48 kcal,0,Energetic,2/16/2024
ava31@hotmail.com,Female,48,running,79 min,151.84 kcal,11152,Energetic,09/10/2024
sophia26@gmail.com,Female,44,gym,73 min,171.74 kcal,0,Neutral,2/16/2024
john32@icloud.com,Male,46,cycling,41 min,697.01 kcal,0,Sad,3/16/2024
david33@hotmail.com,Male,19,swimming,15 min,582.68 kcal,0,Neutral,12/12/2024
daniel31@yahoo.com,Male,22,walking,53 min,856.19 kcal,7469,Sad,10/17/2024
olivia22@hotmail.com,Female,40,running,36 min,855.87 kcal,13303,Energetic,01/08/2024
john33@outlook.com,Male,25,cycling,106 min,602.96 kcal,0,Energetic,11/09/2024
john34@icloud.com,Male,59,Walking,21 min,636.29 kcal,6828,Energetic,07/04/2024
,Male,44,swimming,27 min,613.11 kcal,0,Sad,10/23/2024
ava32@icloud.com,Female,36,walk,115 min,140.32 kcal,3254,Sad,4/25/2024
ava33@gmail.com,Female,27,walking,114 min,484.95 kcal,11854,Happy,5/21/2024
emma25@outlook.com,Female,24,running,20 min,774.41 kcal,5901,Tired,7/24/2024
john36@hotmail.com,Male,60,swimming,36 min,329.36 kcal,0,Energetic,10/09/2024
michael30@yahoo.com,Male,43,yoga,73 min,281.06 kcal,0,Energetic,7/21/2024
ava34@hotmail.com,Female,60,cycling,81 min,494.64 kcal,0,Sad,2/14/2024
james27@outlook.com,Male,53,gym,21 min,59.9 kcal,0,Sad,8/28/2024
olivia23@hotmail.com,Female,39,cycling,21 min,480.89 kcal,0,Energetic,7/27/2024
emily31@outlook.com,Female,50,gym,41 min,606.41 kcal,0,Tired,6/27/2024
daniel32@gmail.com,Male,62,walking,20 min,812.35 kcal,8067,Neutral,12/24/2024
sophia27@outlook.com,Female,43,running,73 min,750.87 kcal,3122,Tired,2/25/2024
ava35@outlook.com,Female,50,running,103 min,541.77 kcal,11968,Neutral,2/13/2024
james28@outlook.com,Male,56,swimming,112 min,261.0 kcal,0,Tired,5/15/2024
david34@outlook.com,Male,62,gym,55 min,655.09 kcal,0,Neutral,04/07/2024
michael31@hotmail.com,Male,50,gym,103 min,591.35 kcal,0,Happy,6/18/2024
james29@icloud.com,Male,45,walking,81 min,140.5 kcal,6240,Neutral,1/22/2024
daniel33@gmail.com,Male,27,walking,103 min,716.7 kcal,3342,Sad,01/12/2024
olivia24@yahoo.com,Female,18,swimming,47 min,222.62 kcal,0,Energetic,4/21/2024
david35@hotmail.com,Male,64,running,52 min,431.49 kcal,11184,Happy,03/06/2024
ava36@hotmail.com,Female,58,gym,99 min,305.98 kcal,0,Sad,09/12/2024
michael32@hotmail.com,Male,50,running,68 min,511.62 kcal,6609,Happy,06/08/2024
daniel34@outlook.com,Male,57,gym,75 min,897.14 kcal,0,Happy,2/22/2024
ava37@yahoo.com,Female,20,swimming,56 min,374.17 kcal,0,Happy,07/09/2024
olivia25@hotmail.com,Female,49,walking,52 min,813.54 kcal,3154,Tired,09/03/2024
david36@hotmail.com,Male,58,walking,41 min,619.78 kcal,12674,Neutral,11/14/2024
james30@yahoo.com,Male,61,running,18 min,440.34 kcal,5434,Happy,02/03/2024
ava38@icloud.com,Female,55,Walking,104 min,771.01 kcal,5860,Sad,02/10/2024
emma26@icloud.com,Female,43,swimming,18 min,452.89 kcal,0,Neutral,3/24/2024
david37@gmail.com,Male,37,running,110 min,680.22 kcal,11893,Tired,4/14/2024
michael33@yahoo.com,Male,57,cycling,39 min,147.43 kcal,0,Sad,1/28/2024
david38@yahoo.com,Male,36,swimm,23 min,263.08 kcal,0,Tired,08/11/2024
daniel35@outlook.com,Male,30,cycling,77 min,433.05 kcal,0,Tired,12/19/2024
james31@hotmail.com,Male,18,cycling,46 min,717.81 kcal,0,Energetic,5/27/2024
emma27@icloud.com,Female,46,cycling,114 min,309.65 kcal,0,Happy,3/21/2024
ava39@outlook.com,Female,20,gym,48 min,511.95 kcal,0,Energetic,11/25/2024
john30@yahoo.com,Male,20,yoga,21 min,830.33 kcal,0,Neutral,05/12/2024
ava40@gmail.com,Female,26,Yoga,79 min,483.85 kcal,0,Tired,09/01/2024
ava41@icloud.com,Female,50,running,72 min,185.34 kcal,9279,Sad,11/28/2024
olivia26@hotmail.com,Female,32,yoga,44 min,103.43 kcal,0,Neutral,1/22/2024
emma28@gmail.com,Female,20,walking,98 min,325.46 kcal,11530,Sad,11/27/2024
ava42@gmail.com,Female,42,swimming,63 min,360.5 kcal,0,Happy,09/09/2024
olivia27@hotmail.com,Female,49,yoga,92 min,55.61 kcal,0,Neutral,08/06/2024
michael34@outlook.com,Male,28,cycling,92 min,659.71 kcal,0,Neutral,7/26/2024
sophia24@gmail.com,Female,54,walking,34 min,689.4 kcal,10935,Happy,2/22/2024
emma29@hotmail.com,Female,55,running,97 min,758.36 kcal,367,Neutral,01/05/2024
john37@yahoo.com,Male,21,running,48 min,834.08 kcal,8464,Energetic,10/19/2024
daniel36@icloud.com,Male,31,yoga,92 min,893.86 kcal,0,Energetic,03/08/2024
michael35@hotmail.com,Male,28,swimming,102 min,341.27 kcal,0,Sad,10/03/2024
sophia28@icloud.com,Female,27,gym,27 min,200.81 kcal,0,Sad,10/02/2024
sophia29@yahoo.com,Female,42,cycling,90 min,733.93 kcal,0,Sad,2/14/2024
olivia28@yahoo.com,Female,41,walking,34 min,412.16 kcal,9590,Tired,5/28/2024
james32@yahoo.com,Male,44,gym,115 min,523.93 kcal,0,Tired,9/18/2024
james33@hotmail.com,Male,60,walking,110 min,245.31 kcal,12830,Neutral,02/07/2024
ava43@outlook.com,Female,28,Yoga,96 min,54.5 kcal,0,Neutral,8/20/2024
sophia13@gmail.com,Female,60,gym,43 min,592.25 kcal,0,Happy,07/11/2024
emily32@icloud.com,Female,64,yoga,66 min,571.87 kcal,0,Tired,12/20/2024
emma30@hotmail.com,Female,18,running,99 min,841.14 kcal,8489,Tired,04/02/2024
ava44@gmail.com,Female,61,walk,61 min,253.37 kcal,4,Neutral,02/09/2024
ava45@outlook.com,Female,51,walking,109 min,648.08 kcal,1477,Sad,5/24/2024
daniel37@icloud.com,Male,56,running,73 min,840.26 kcal,9419,Happy,05/06/2024
daniel38@outlook.com,Male,25,gym,47 min,794.7 kcal,0,Sad,5/23/2024
sophia30@hotmail.com,Female,47,swimming,73 min,812.05 kcal,0,Happy,08/04/2024
sophia31@icloud.com,Female,38,yoga,60 min,489.03 kcal,0,Tired,04/10/2024
emily33@hotmail.com,Female,48,cycling,60 min,235.78 kcal,0,Tired,3/24/2024
ava42@gmail.com,Female,42,swimming,63 min,360.5 kcal,0,Happy,09/09/2024
sophia32@yahoo.com,Female,33,cycling,41 min,244.83 kcal,0,Neutral,10/12/2024
emma31@gmail.com,Female,52,Walking,76 min,365.52 kcal,5167,Energetic,10/28/2024
michael36@gmail.com,Male,25,swimming,81 min,441.06 kcal,0,Happy,1/22/2024
ava46@yahoo.com,Female,29,gym,48 min,251.57 kcal,0,Sad,06/12/2024
olivia29@outlook.com,Female,43,cycling,72 min,202.91 kcal,0,Sad,11/08/2024
david39@outlook.com,Male,49,cycling,47 min,527.82 kcal,0,Happy,07/04/2024
ava47@hotmail.com,Female,54,gym,98 min,601.76 kcal,0,Tired,06/11/2024
emily34@gmail.com,Female,57,cycling,74 min,586.96 kcal,0,Neutral,11/26/2024
james34@outlook.com,Male,23,running,58 min,243.99 kcal,5191,Tired,12/09/2024
olivia30@hotmail.com,Female,44,running,38 min,776.08 kcal,2048,Neutral,11/09/2024
michael37@yahoo.com,Male,24,walking,23 min,846.27 kcal,7752,Sad,01/01/2024
emily35@hotmail.com,Female,57,running,25 min,606.61 kcal,14507,Energetic,05/08/2024
michael38@yahoo.com,Male,19,walking,99 min,353.32 kcal,14995,Tired,8/15/2024
emma32@gmail.com,Female,62,gym,37 min,552.21 kcal,0,Sad,7/17/2024
olivia31@gmail.com,Female,48,gym,16 min,634.6 kcal,0,Energetic,05/01/2024
john38@outlook.com,Male,30,yoga,86 min,421.54 kcal,0,Neutral,12/24/2024
emma30@hotmail.com,Female,18,running,99 min,841.14 kcal,8489,Tired,04/02/2024
emily36@hotmail.com,Female,58,running,81 min,699.86 kcal,14908,Sad,12/22/2024
john38@outlook.com,Male,30,yoga,86 min,421.54 kcal,0,Neutral,12/24/2024
daniel39@gmail.com,Male,30,walking,38 min,166.13 kcal,1808,Energetic,10/15/2024
john39@icloud.com,Male,21,gym,17 min,208.05 kcal,0,Tired,05/05/2024
sophia33@outlook.com,Female,46,running,109 min,895.36 kcal,3263,Energetic,12/25/2024
james35@icloud.com,Male,38,running,95 min,669.0 kcal,12201,Sad,09/04/2024
john40@hotmail.com,Male,62,gym,34 min,365.69 kcal,0,Neutral,3/16/2024
john41@icloud.com,Male,40,swimming,34 min,646.13 kcal,0,Happy,3/16/2024
olivia32@hotmail.com,Female,64,running,17 min,635.86 kcal,5868,Neutral,05/02/2024
,Female,54,running,84 min,345.51 kcal,11999,Energetic,5/28/2024
emily37@hotmail.com,Female,46,cycling,119 min,273.85 kcal,0,Energetic,1/25/2024
john42@gmail.com,Male,57,running,56 min,662.85 kcal,10785,Sad,07/07/2024
john43@outlook.com,Male,24,Yoga,39 min,133.94 kcal,0,Energetic,11/16/2024
olivia33@icloud.com,Female,56,swimming,24 min,61.12 kcal,0,Energetic,2/15/2024
james36@icloud.com,Male,63,walking,120 min,574.39 kcal,8667,Happy,12/03/2024
david40@gmail.com,Male,24,swimming,44 min,501.91 kcal,0,Neutral,9/22/2024
david41@outlook.com,Male,24,swimming,88 min,354.27 kcal,0,Energetic,02/06/2024
michael39@yahoo.com,Male,40,cycling,85 min,892.74 kcal,0,Tired,7/25/2024
sophia34@icloud.com,Female,42,gym,110 min,265.98 kcal,0,Energetic,07/01/2024
david42@gmail.com,Male,37,walking,53 min,886.74 kcal,3519,Tired,1/25/2024
david43@yahoo.com,Male,24,walking,73 min,352.31 kcal,2267,Tired,6/19/2024
ava48@outlook.com,Female,54,running,108 min,115.62 kcal,5319,Energetic,3/16/2024
emily38@hotmail.com,Female,20,swimming,118 min,539.84 kcal,0,Happy,06/12/2024
emily39@yahoo.com,Female,59,gym,16 min,588.8 kcal,0,Energetic,01/10/2024
olivia34@outlook.com,Female,27,walking,101 min,671.84 kcal,6436,Energetic,10/19/2024
james37@yahoo.com,Male,26,cycling,25 min,454.48 kcal,0,Happy,9/13/2024
michael40@gmail.com,Male,48,gym,40 min,464.68 kcal,0,Tired,4/18/2024
emily40@outlook.com,Female,45,cycling,102 min,835.52 kcal,0,Happy,11/14/2024
ava49@outlook.com,Female,37,running,59 min,573.79 kcal,13153,Energetic,10/05/2024
olivia35@hotmail.com,Female,64,walk,29 min,678.64 kcal,3982,Sad,3/28/2024
emily41@outlook.com,Female,46,Yoga,17 min,332.1 kcal,0,Sad,04/07/2024
ava50@gmail.com,Female,62,swimming,100 min,65.63 kcal,0,Sad,01/09/2024
ava51@outlook.com,Female,21,yoga,98 min,853.4 kcal,0,Energetic,11/09/2024
emily42@outlook.com,Female,36,swimming,64 min,246.49 kcal,0,Sad,12/04/2024
ava50@gmail.com,Female,62,swimming,100 min,65.63 kcal,0,Sad,01/09/2024
emily43@icloud.com,Female,30,gym,73 min,526.58 kcal,0,Happy,01/08/2024
michael41@gmail.com,Male,40,swimming,60 min,352.07 kcal,0,Neutral,09/09/2024
john44@icloud.com,Male,32,running,58 min,812.6 kcal,10763,Neutral,2/24/2024
sophia35@yahoo.com,Female,33,gym,34 min,412.5 kcal,0,Sad,6/15/2024
david44@yahoo.com,Male,26,cycling,103 min,649.37 kcal,0,Neutral,7/25/2024
olivia36@gmail.com,Female,53,gym,107 min,150.63 kcal,0,Neutral,12/01/2024
ava52@icloud.com,Female,56,gym,93 min,246.27 kcal,0,Neutral,11/01/2024
david45@yahoo.com,Male,63,swimming,62 min,206.38 kcal,0,Energetic,08/05/2024
john45@icloud.com,Male,44,running,110 min,620.64 kcal,3323,Neutral,02/06/2024
emma34@outlook.com,Female,47,running,69 min,394.14 kcal,685,Sad,12/27/2024
ava53@outlook.com,Female,51,Walking,72 min,438.37 kcal,14381,Happy,4/17/2024
james38@outlook.com,Male,30,cycling,71 min,388.33 kcal,0,Tired,08/06/2024
david46@outlook.com,Male,47,swimming,72 min,126.87 kcal,0,Happy,3/25/2024
james39@outlook.com,Male,38,yoga,18 min,202.05 kcal,0,Neutral,08/03/2024
michael42@gmail.com,Male,23,walking,105 min,431.99 kcal,5946,Happy,9/23/2024
michael43@icloud.com,Male,53,yoga,20 min,703.02 kcal,0,Tired,10/28/2024
sophia13@gmail.com,Female,60,gym,43 min,592.25 kcal,0,Happy,07/11/2024
michael44@icloud.com,Male,44,cycling,54 min,670.64 kcal,0,Tired,11/06/2024
ava54@outlook.com,Female,18,yoga,78 min,777.1 kcal,0,Happy,10/16/2024
michael42@gmail.com,Male,23,walking,105 min,431.99 kcal,5946,Happy,9/23/2024
james40@yahoo.com,Male,23,gym,91 min,55.59 kcal,0,Sad,5/20/2024
michael45@gmail.com,Male,21,swimming,59 min,81.21 kcal,0,Happy,11/19/2024
john46@yahoo.com,Male,44,running,35 min,621.28 kcal,10012,Sad,10/26/2024
olivia37@icloud.com,Female,23,cycling,56 min,363.28 kcal,0,Happy,7/27/2024
daniel40@outlook.com,Male,51,Yoga,82 min,228.37 kcal,0,Sad,01/04/2024
emily44@outlook.com,Female,64,swimming,92 min,843.81 kcal,0,Tired,7/20/2024
ava55@hotmail.com,Female,26,gym,87 min,471.94 kcal,0,Energetic,8/26/2024
sophia36@hotmail.com,Female,25,walking,74 min,581.64 kcal,1932,Neutral,10/14/2024
olivia38@outlook.com,Female,43,swimming,87 min,573.59 kcal,0,Neutral,04/11/2024
emma35@yahoo.com,Female,59,running,76 min,182.08 kcal,7546,Sad,6/15/2024
david47@gmail.com,Male,54,swimming,101 min,318.18 kcal,0,Happy,4/19/2024
olivia39@yahoo.com,Female,27,cycling,18 min,338.28 kcal,0,Sad,3/19/2024
daniel41@yahoo.com,Male,63,walking,49 min,401.79 kcal,8143,Neutral,6/15/2024
michael46@icloud.com,Male,41,walking,114 min,221.78 kcal,1517,Energetic,09/01/2024
olivia40@yahoo.com,Female,64,gym,54 min,709.2 kcal,0,Happy,9/22/2024
james41@yahoo.com,Male,18,cycling,20 min,633.99 kcal,0,Happy,6/15/2024
daniel42@icloud.com,Male,54,cycling,96 min,808.32 kcal,0,Neutral,04/10/2024
emily45@icloud.com,Female,27,running,50 min,147.29 kcal,10206,Sad,09/04/2024
john47@icloud.com,Male,42,walking,26 min,412.5 kcal,2932,Sad,10/21/2024
daniel43@icloud.com,Male,30,swimming,112 min,620.24 kcal,0,Happy,8/19/2024
emma36@icloud.com,Female,47,cycling,102 min,597.76 kcal,0,Energetic,08/08/2024
emma37@gmail.com,Female,36,cycling,92 min,538.48 kcal,0,Happy,7/27/2024
emily46@hotmail.com,Female,52,Yoga,66 min,551.96 kcal,0,Sad,4/18/2024
sophia37@hotmail.com,Female,45,gym,115 min,340.87 kcal,0,Neutral,3/22/2024
emma38@gmail.com,Female,55,gym,74 min,326.57 kcal,0,Energetic,03/10/2024
michael47@gmail.com,Male,46,gym,52 min,381.49 kcal,0,Energetic,04/07/2024
daniel44@yahoo.com,Male,63,cycling,26 min,545.32 kcal,0,Sad,7/28/2024
olivia41@gmail.com,Female,43,yoga,70 min,513.35 kcal,0,Neutral,08/05/2024
james42@hotmail.com,Male,36,swimming,31 min,164.14 kcal,0,Happy,3/24/2024
michael48@outlook.com,Male,26,swimming,118 min,403.48 kcal,0,Sad,7/20/2024
emma39@outlook.com,Female,40,running,38 min,411.06 kcal,121,Sad,8/28/2024
david48@outlook.com,Male,20,walk,87 min,460.78 kcal,6038,Happy,10/16/2024
david49@yahoo.com,Male,47,gym,25 min,494.85 kcal,0,Happy,4/16/2024
david50@hotmail.com,Male,57,walking,58 min,504.78 kcal,176,Energetic,8/17/2024
olivia42@icloud.com,Female,36,running,19 min,640.79 kcal,9791,Tired,12/26/2024
michael49@icloud.com,Male,60,cycling,118 min,676.77 kcal,0,Tired,08/03/2024
daniel45@outlook.com,Male,57,cycling,50 min,779.18 kcal,0,Happy,10/06/2024
olivia43@yahoo.com,Female,34,swim,45 min,462.18 kcal,0,Sad,01/11/2024
michael50@outlook.com,Male,44,Yoga,45 min,611.57 kcal,0,Neutral,4/19/2024
emily47@gmail.com,Female,28,Yoga,66 min,454.8 kcal,0,Sad,4/13/2024
david51@gmail.com,Male,18,cycling,117 min,431.5 kcal,0,Tired,9/22/2024
olivia44@yahoo.com,Female,57,swimming,49 min,334.72 kcal,0,Happy,5/21/2024
sophia38@yahoo.com,Female,63,walking,26 min,777.97 kcal,2128,Energetic,11/25/2024
emily48@yahoo.com,Female,34,cycling,74 min,611.41 kcal,0,Energetic,5/25/2024
olivia45@yahoo.com,Female,28,walking,50 min,710.54 kcal,6271,Energetic,06/02/2024
emily49@outlook.com,Female,30,gym,65 min,201.68 kcal,0,Happy,3/18/2024
emma40@yahoo.com,Female,24,walking,24 min,109.85 kcal,11920,Tired,08/01/2024
john48@yahoo.com,Male,35,running,104 min,330.36 kcal,6411,Sad,1/17/2024
james43@yahoo.com,Male,52,running,15 min,376.76 kcal,11292,Energetic,2/19/2024
daniel46@gmail.com,Male,21,swimming,97 min,127.07 kcal,0,Tired,2/27/2024
michael51@hotmail.com,Male,42,swimming,39 min,304.04 kcal,0,Happy,11/23/2024
,Female,20,running,18 min,661.78 kcal,9714,Neutral,8/13/2024
david52@gmail.com,Male,19,walking,58 min,97.65 kcal,12906,Happy,07/04/2024
david53@gmail.com,Male,55,running,24 min,81.35 kcal,2319,Energetic,11/01/2024
james34@outlook.com,Male,23,running,58 min,243.99 kcal,5191,Tired,12/09/2024
michael52@hotmail.com,Male,29,swimming,21 min,818.96 kcal,0,Happy,8/20/2024
emily50@hotmail.com,Female,49,gym,117 min,573.28 kcal,0,Neutral,07/11/2024
olivia46@gmail.com,Female,61,gym,84 min,166.73 kcal,0,Neutral,1/19/2024
daniel45@outlook.com,Male,57,cycling,50 min,779.18 kcal,0,Happy,10/06/2024
james44@yahoo.com,Male,62,cycling,85 min,190.26 kcal,0,Tired,01/05/2024
michael53@gmail.com,Male,49,walking,15 min,56.14 kcal,1460,Tired,5/14/2024
michael54@gmail.com,Male,27,swimming,49 min,494.62 kcal,0,Neutral,3/20/2024
ava56@icloud.com,Female,58,cycling,59 min,405.97 kcal,0,Neutral,04/04/2024
david54@icloud.com,Male,47,swimm,99 min,226.89 kcal,0,Neutral,2/26/2024
emma41@gmail.com,Female,28,swimming,20 min,95.92 kcal,0,Tired,4/14/2024
emma42@hotmail.com,Female,24,swimming,21 min,836.13 kcal,0,Neutral,1/16/2024
emma43@gmail.com,Female,44,running,110 min,625.32 kcal,5336,Neutral,02/11/2024
emma41@gmail.com,Female,28,swimming,20 min,95.92 kcal,0,Tired,4/14/2024
sophia40@outlook.com,Female,32,Walk,75 min,547.33 kcal,890,Energetic,03/07/2024
